{
    "mean_loss": 0.44708532094955444,
    "mean_accuracy": 0.44708532094955444,
    "mean_auprc": 0.44708532094955444,
    "mean_auroc": 0.44708532094955444,
    "std_loss": 0.06230399012565613,
    "std_accuracy": 0.06230399012565613,
    "std_auprc": 0.06230399012565613,
    "std_auroc": 0.06230399012565613
}