{
    "mean_loss": 0.43450531363487244,
    "mean_accuracy": 0.43450531363487244,
    "mean_auprc": 0.43450531363487244,
    "mean_auroc": 0.43450531363487244,
    "std_loss": 0.02105177938938141,
    "std_accuracy": 0.02105177938938141,
    "std_auprc": 0.02105177938938141,
    "std_auroc": 0.02105177938938141
}