{
    "mean_loss": 0.41481345891952515,
    "mean_accuracy": 0.41481345891952515,
    "mean_auprc": 0.41481345891952515,
    "mean_auroc": 0.41481345891952515,
    "std_loss": 0.029828278347849846,
    "std_accuracy": 0.029828278347849846,
    "std_auprc": 0.029828278347849846,
    "std_auroc": 0.029828278347849846
}